image_id,source,path,query_used
fLOaGHBTivw,unsplash,data/raw/fLOaGHBTivw.jpg,orange business suit in office
s2Tcv1uulc8,unsplash,data/raw/s2Tcv1uulc8.jpg,orange business suit in office
Jrq1Bmb2Mmk,unsplash,data/raw/Jrq1Bmb2Mmk.jpg,orange business suit in office
MU6_6I8sIV4,unsplash,data/raw/MU6_6I8sIV4.jpg,orange business suit in office
9gby0AjdEIg,unsplash,data/raw/9gby0AjdEIg.jpg,orange business suit in office
0_OlKblZ4eY,unsplash,data/raw/0_OlKblZ4eY.jpg,orange business suit in office
H0rH1ooIsYk,unsplash,data/raw/H0rH1ooIsYk.jpg,orange business suit in office
aLTwz7jB2ec,unsplash,data/raw/aLTwz7jB2ec.jpg,orange business suit in office
vez9tSEW7x8,unsplash,data/raw/vez9tSEW7x8.jpg,orange business suit in office
mm0hIsHM_3k,unsplash,data/raw/mm0hIsHM_3k.jpg,orange business suit in office
JtwF1Kyi7ao,unsplash,data/raw/JtwF1Kyi7ao.jpg,blue business suit in office
XlRB3fKHCQA,unsplash,data/raw/XlRB3fKHCQA.jpg,blue business suit in office
DSK0z-RHLs0,unsplash,data/raw/DSK0z-RHLs0.jpg,blue business suit in office
wmFFRa51OoA,unsplash,data/raw/wmFFRa51OoA.jpg,blue business suit in office
cdf2N6T4SPY,unsplash,data/raw/cdf2N6T4SPY.jpg,blue business suit in office
wDI32vR1hCs,unsplash,data/raw/wDI32vR1hCs.jpg,blue business suit in office
XEDtPsWsyaQ,unsplash,data/raw/XEDtPsWsyaQ.jpg,blue business suit in office
6ZG0MTcmFtQ,unsplash,data/raw/6ZG0MTcmFtQ.jpg,blue business suit in office
0CGUB3Gtzxk,unsplash,data/raw/0CGUB3Gtzxk.jpg,blue business suit in office
PjGmtZedbO4,unsplash,data/raw/PjGmtZedbO4.jpg,blue business suit in office
mrHLKxWh4NY,unsplash,data/raw/mrHLKxWh4NY.jpg,red business suit in office
ZpluBPsV_94,unsplash,data/raw/ZpluBPsV_94.jpg,red business suit in office
Tz0FzxzD9YE,unsplash,data/raw/Tz0FzxzD9YE.jpg,red business suit in office
AekHsx1SxXQ,unsplash,data/raw/AekHsx1SxXQ.jpg,red business suit in office
LG7hjObDjHI,unsplash,data/raw/LG7hjObDjHI.jpg,red business suit in office
QgYvORVDdd8,unsplash,data/raw/QgYvORVDdd8.jpg,pink blazer in office
obVb3GNAtWY,unsplash,data/raw/obVb3GNAtWY.jpg,pink blazer in office
6VBmyN96qVg,unsplash,data/raw/6VBmyN96qVg.jpg,pink blazer in office
xd7q4Xr0eYQ,unsplash,data/raw/xd7q4Xr0eYQ.jpg,pink blazer in office
nNfp9vEtiWk,unsplash,data/raw/nNfp9vEtiWk.jpg,pink blazer in office
TSCh_WPHH1I,unsplash,data/raw/TSCh_WPHH1I.jpg,pink blazer in office
H-7Tq6VH6V4,unsplash,data/raw/H-7Tq6VH6V4.jpg,pink blazer in office
aDPv1FHv6yY,unsplash,data/raw/aDPv1FHv6yY.jpg,pink blazer in office
SgT5dAa0zGg,unsplash,data/raw/SgT5dAa0zGg.jpg,pink blazer in office
sW1PhYeq97k,unsplash,data/raw/sW1PhYeq97k.jpg,pink blazer in office
hODuXSsWzjQ,unsplash,data/raw/hODuXSsWzjQ.jpg,white blazer in office
5T8S2Y1tWlE,unsplash,data/raw/5T8S2Y1tWlE.jpg,white blazer in office
DzmAH3gbi3U,unsplash,data/raw/DzmAH3gbi3U.jpg,white blazer in office
0GySOsRq-fE,unsplash,data/raw/0GySOsRq-fE.jpg,white blazer in office
o3gcNSIX3yg,unsplash,data/raw/o3gcNSIX3yg.jpg,white blazer in office
FQ470_Ofjjo,unsplash,data/raw/FQ470_Ofjjo.jpg,white blazer in office
-2a_Aft525o,unsplash,data/raw/-2a_Aft525o.jpg,white blazer in office
g-Vl9Mom508,unsplash,data/raw/g-Vl9Mom508.jpg,white blazer in office
ueUYcRPXnXw,unsplash,data/raw/ueUYcRPXnXw.jpg,white blazer in office
FJxKnU9HIds,unsplash,data/raw/FJxKnU9HIds.jpg,white blazer in office
NguCdoqEAt8,unsplash,data/raw/NguCdoqEAt8.jpg,green blazer in office
wOkhtagarKU,unsplash,data/raw/wOkhtagarKU.jpg,green blazer in office
jI4HREHtae4,unsplash,data/raw/jI4HREHtae4.jpg,green blazer in office
wECq1hW92Us,unsplash,data/raw/wECq1hW92Us.jpg,green formal wear in office
OKoVQRv0444,unsplash,data/raw/OKoVQRv0444.jpg,green formal wear in office
VjpZU0Ki0B0,unsplash,data/raw/VjpZU0Ki0B0.jpg,green formal wear in office
LTDE3UZCzAM,unsplash,data/raw/LTDE3UZCzAM.jpg,green formal wear in office
5-S-PDbrl24,unsplash,data/raw/5-S-PDbrl24.jpg,green formal wear in office
nvMR0P1Un5E,unsplash,data/raw/nvMR0P1Un5E.jpg,green formal wear in office
GWnwuXvvRvU,unsplash,data/raw/GWnwuXvvRvU.jpg,green formal wear in office
iMUja0bZpH4,unsplash,data/raw/iMUja0bZpH4.jpg,green formal wear in office
KHQJf0Gq3RA,unsplash,data/raw/KHQJf0Gq3RA.jpg,green formal wear in office
SoX7rpRAEuI,unsplash,data/raw/SoX7rpRAEuI.jpg,yellow formal wear in office
BkwzVF6mHdc,unsplash,data/raw/BkwzVF6mHdc.jpg,yellow formal wear in office
uPnvAYdLhNw,unsplash,data/raw/uPnvAYdLhNw.jpg,yellow formal wear in office
BDw9Sp6FBaw,unsplash,data/raw/BDw9Sp6FBaw.jpg,yellow formal wear in office
6q-1dJnkn1c,unsplash,data/raw/6q-1dJnkn1c.jpg,yellow formal wear in office
94RNoGCOtWU,unsplash,data/raw/94RNoGCOtWU.jpg,yellow formal wear in office
oajdtK-kj_o,unsplash,data/raw/oajdtK-kj_o.jpg,yellow formal wear in office
UuxwEGwkIgk,unsplash,data/raw/UuxwEGwkIgk.jpg,yellow formal wear in office
1JxvuwZYTVA,unsplash,data/raw/1JxvuwZYTVA.jpg,yellow formal wear in office
PK_t0Lrh7MM,unsplash,data/raw/PK_t0Lrh7MM.jpg,yellow formal wear in office
P3i8MtIT1ug,unsplash,data/raw/P3i8MtIT1ug.jpg,blue formal wear in office
9A2u8LwCpVE,unsplash,data/raw/9A2u8LwCpVE.jpg,blue formal wear in office
fvj0rS3n5yk,unsplash,data/raw/fvj0rS3n5yk.jpg,blue formal wear in office
iXB-h2iEARc,unsplash,data/raw/iXB-h2iEARc.jpg,blue formal wear in office
jctvi30MWRM,unsplash,data/raw/jctvi30MWRM.jpg,blue formal wear in office
dgOJDAv96s8,unsplash,data/raw/dgOJDAv96s8.jpg,blue formal wear in office
KYLwJKE3Kz0,unsplash,data/raw/KYLwJKE3Kz0.jpg,blue formal wear in office
8gez-bZO--M,unsplash,data/raw/8gez-bZO--M.jpg,blue formal wear in office
Eo5CDaYgVgo,unsplash,data/raw/Eo5CDaYgVgo.jpg,brown hoodie in office
7vRRV5tMPmI,unsplash,data/raw/7vRRV5tMPmI.jpg,brown hoodie in office
txZv4HQJRpE,unsplash,data/raw/txZv4HQJRpE.jpg,brown hoodie in office
wycKc7bfqow,unsplash,data/raw/wycKc7bfqow.jpg,brown hoodie in office
1yTUYK1QqZQ,unsplash,data/raw/1yTUYK1QqZQ.jpg,brown hoodie in office
NNR-FH3HGsE,unsplash,data/raw/NNR-FH3HGsE.jpg,brown hoodie in office
8DAlig828ck,unsplash,data/raw/8DAlig828ck.jpg,brown hoodie in office
tN4GPjyYy98,unsplash,data/raw/tN4GPjyYy98.jpg,brown hoodie in office
Bgmb0DB2Fwo,unsplash,data/raw/Bgmb0DB2Fwo.jpg,brown hoodie in office
5qlq1ZcMQ9k,unsplash,data/raw/5qlq1ZcMQ9k.jpg,brown hoodie in office
pzA7QWNCIYg,unsplash,data/raw/pzA7QWNCIYg.jpg,blue hoodie in office
xzwsMmXTtzI,unsplash,data/raw/xzwsMmXTtzI.jpg,blue hoodie in office
_wHJRrrV1YY,unsplash,data/raw/_wHJRrrV1YY.jpg,blue hoodie in office
H032t3ej74g,unsplash,data/raw/H032t3ej74g.jpg,blue hoodie in office
AF4KQ1AeRo8,unsplash,data/raw/AF4KQ1AeRo8.jpg,blue hoodie in office
O4nTgxWr5Sc,unsplash,data/raw/O4nTgxWr5Sc.jpg,blue hoodie in office
63hYwd9J0X0,unsplash,data/raw/63hYwd9J0X0.jpg,blue hoodie in office
ZWbHCTLjWDs,unsplash,data/raw/ZWbHCTLjWDs.jpg,blue hoodie in office
9iWBNEF0LfI,unsplash,data/raw/9iWBNEF0LfI.jpg,blue hoodie in office
zLp42A2k5Dw,unsplash,data/raw/zLp42A2k5Dw.jpg,beige t-shirt in office
SP7Ru8_uEhs,unsplash,data/raw/SP7Ru8_uEhs.jpg,beige t-shirt in office
xn0gR5Bnq2Y,unsplash,data/raw/xn0gR5Bnq2Y.jpg,beige t-shirt in office
o0WJ8AlIPJE,unsplash,data/raw/o0WJ8AlIPJE.jpg,beige t-shirt in office
WClprSdAIlU,unsplash,data/raw/WClprSdAIlU.jpg,beige t-shirt in office
O44_o5qlUrw,unsplash,data/raw/O44_o5qlUrw.jpg,beige t-shirt in office
InWUkRKyNbI,unsplash,data/raw/InWUkRKyNbI.jpg,beige t-shirt in office
AThPi-4Fw40,unsplash,data/raw/AThPi-4Fw40.jpg,beige t-shirt in office
r0ai2YsGv1I,unsplash,data/raw/r0ai2YsGv1I.jpg,beige t-shirt in office
2LzLz45FPzM,unsplash,data/raw/2LzLz45FPzM.jpg,red t-shirt in office
HCgdk9fD150,unsplash,data/raw/HCgdk9fD150.jpg,red t-shirt in office
ZTBgCFeWvIg,unsplash,data/raw/ZTBgCFeWvIg.jpg,red t-shirt in office
mtx7MwmixKk,unsplash,data/raw/mtx7MwmixKk.jpg,red sweater in office
b3C4D6r1zIE,unsplash,data/raw/b3C4D6r1zIE.jpg,red sweater in office
JhQJJT6oK-4,unsplash,data/raw/JhQJJT6oK-4.jpg,red sweater in office
4gnrlqILulE,unsplash,data/raw/4gnrlqILulE.jpg,red sweater in office
NSXWYD006dM,unsplash,data/raw/NSXWYD006dM.jpg,red sweater in office
2NZMBn6r6-Y,unsplash,data/raw/2NZMBn6r6-Y.jpg,red sweater in office
QzhI0nDrjhs,unsplash,data/raw/QzhI0nDrjhs.jpg,red sweater in office
QuOt6LeNmKM,unsplash,data/raw/QuOt6LeNmKM.jpg,red sweater in office
qZ9YjkopI6E,unsplash,data/raw/qZ9YjkopI6E.jpg,red sweater in office
6yv_xWI5aBY,unsplash,data/raw/6yv_xWI5aBY.jpg,blue sweater in office
bzjBeodgohc,unsplash,data/raw/bzjBeodgohc.jpg,blue sweater in office
ylB9gcLv2I4,unsplash,data/raw/ylB9gcLv2I4.jpg,blue sweater in office
QK4Ov_0APVU,unsplash,data/raw/QK4Ov_0APVU.jpg,blue sweater in office
BNv6RWf9MMw,unsplash,data/raw/BNv6RWf9MMw.jpg,blue sweater in office
eOWM25897Yo,unsplash,data/raw/eOWM25897Yo.jpg,green sweater in office
HpMx7vPZWtU,unsplash,data/raw/HpMx7vPZWtU.jpg,green sweater in office
rxv21vABFVU,unsplash,data/raw/rxv21vABFVU.jpg,green sweater in office
KXwtbw9P0uY,unsplash,data/raw/KXwtbw9P0uY.jpg,green sweater in office
nZ50HrjAFNc,unsplash,data/raw/nZ50HrjAFNc.jpg,green raincoat in office
fDRDW4EHPrI,unsplash,data/raw/fDRDW4EHPrI.jpg,green raincoat in office
AQVHkq2onV8,unsplash,data/raw/AQVHkq2onV8.jpg,green raincoat in office
pEVjp7yIc2A,unsplash,data/raw/pEVjp7yIc2A.jpg,green raincoat in office
kHaVjpAH5J4,unsplash,data/raw/kHaVjpAH5J4.jpg,green raincoat in office
sY-QgoUkocE,unsplash,data/raw/sY-QgoUkocE.jpg,green raincoat in office
W9FpgEb4GFs,unsplash,data/raw/W9FpgEb4GFs.jpg,green raincoat in office
hdiXPTNBqeE,unsplash,data/raw/hdiXPTNBqeE.jpg,green raincoat in office
qcUPZGZxUI0,unsplash,data/raw/qcUPZGZxUI0.jpg,grey raincoat in office
iOeVBH4zDas,unsplash,data/raw/iOeVBH4zDas.jpg,grey raincoat in office
kBH-AF4R8ok,unsplash,data/raw/kBH-AF4R8ok.jpg,grey raincoat in office
on43J6RbYGI,unsplash,data/raw/on43J6RbYGI.jpg,grey raincoat in office
2I9qLkaRr3Q,unsplash,data/raw/2I9qLkaRr3Q.jpg,grey raincoat in office
D087Mr5JG0Y,unsplash,data/raw/D087Mr5JG0Y.jpg,grey raincoat in office
VjE6crr5Hs8,unsplash,data/raw/VjE6crr5Hs8.jpg,grey raincoat in office
Fw8wriByc9I,unsplash,data/raw/Fw8wriByc9I.jpg,grey raincoat in office
3HP6_D9hxFY,unsplash,data/raw/3HP6_D9hxFY.jpg,brown jacket in office
HSzBmUnEnAU,unsplash,data/raw/HSzBmUnEnAU.jpg,brown jacket in office
Q5Pw2ox6YcY,unsplash,data/raw/Q5Pw2ox6YcY.jpg,brown jacket in office
CdaASikGC-4,unsplash,data/raw/CdaASikGC-4.jpg,brown jacket in office
Tte7BLo4go4,unsplash,data/raw/Tte7BLo4go4.jpg,brown jacket in office
mOrMp8ekstk,unsplash,data/raw/mOrMp8ekstk.jpg,brown jacket in office
Pvse_0mSm6Y,unsplash,data/raw/Pvse_0mSm6Y.jpg,brown jacket in office
bw_JUXdyJ_4,unsplash,data/raw/bw_JUXdyJ_4.jpg,green jacket in office
iUNNrEwaT0o,unsplash,data/raw/iUNNrEwaT0o.jpg,green jacket in office
h4DZC_B74io,unsplash,data/raw/h4DZC_B74io.jpg,green jacket in office
EnjeBJ1VsGs,unsplash,data/raw/EnjeBJ1VsGs.jpg,green jacket in office
6xf72dJSdQs,unsplash,data/raw/6xf72dJSdQs.jpg,orange coat in office
1RT4txDDAbM,unsplash,data/raw/1RT4txDDAbM.jpg,orange coat in office
BBbOGna5zaE,unsplash,data/raw/BBbOGna5zaE.jpg,orange coat in office
CRX9rYBey3I,unsplash,data/raw/CRX9rYBey3I.jpg,orange coat in office
2ARQfzpg--E,unsplash,data/raw/2ARQfzpg--E.jpg,orange coat in office
r0EuOiCCMvw,unsplash,data/raw/r0EuOiCCMvw.jpg,orange coat in office
5kzB5jQCHWU,unsplash,data/raw/5kzB5jQCHWU.jpg,orange coat in office
hNUSaQoOuKc,unsplash,data/raw/hNUSaQoOuKc.jpg,brown coat in office
3JaJx6f-9x0,unsplash,data/raw/3JaJx6f-9x0.jpg,brown coat in office
dz_njCAVPdY,unsplash,data/raw/dz_njCAVPdY.jpg,brown coat in office
Ca_WFsAa-cE,unsplash,data/raw/Ca_WFsAa-cE.jpg,brown coat in office
Wb3JGkPEbJo,unsplash,data/raw/Wb3JGkPEbJo.jpg,brown coat in office
vQcLnZUqk-s,unsplash,data/raw/vQcLnZUqk-s.jpg,brown coat in office
ZQEZSXWbkwE,unsplash,data/raw/ZQEZSXWbkwE.jpg,brown coat in office
Wg6seRe0plY,unsplash,data/raw/Wg6seRe0plY.jpg,green business suit in urban street
cXKCR2jAPoQ,unsplash,data/raw/cXKCR2jAPoQ.jpg,green business suit in urban street
MG-JBy6fqR8,unsplash,data/raw/MG-JBy6fqR8.jpg,green business suit in urban street
jfXu5OieaPs,unsplash,data/raw/jfXu5OieaPs.jpg,green business suit in urban street
SX29ZGmuJhc,unsplash,data/raw/SX29ZGmuJhc.jpg,green business suit in urban street
azoa2dJbGU0,unsplash,data/raw/azoa2dJbGU0.jpg,green business suit in urban street
Aepogx7PLkk,unsplash,data/raw/Aepogx7PLkk.jpg,green business suit in urban street
Wzlxr9q0Iis,unsplash,data/raw/Wzlxr9q0Iis.jpg,green business suit in urban street
dCsaSo9CUds,unsplash,data/raw/dCsaSo9CUds.jpg,green business suit in urban street
KgtzboTzXYo,unsplash,data/raw/KgtzboTzXYo.jpg,green business suit in urban street
K4IDhC-EzP8,unsplash,data/raw/K4IDhC-EzP8.jpg,grey blazer in urban street
kMuS4Jm_eQ8,unsplash,data/raw/kMuS4Jm_eQ8.jpg,white blazer in urban street
G1zNB7w6s5I,unsplash,data/raw/G1zNB7w6s5I.jpg,white blazer in urban street
UoZJVpELKaw,unsplash,data/raw/UoZJVpELKaw.jpg,white blazer in urban street
IccYGkKcH3Y,unsplash,data/raw/IccYGkKcH3Y.jpg,white blazer in urban street
zepCmQRouJE,unsplash,data/raw/zepCmQRouJE.jpg,white blazer in urban street
FN9J5cg1fE8,unsplash,data/raw/FN9J5cg1fE8.jpg,white blazer in urban street
R6DaAvwZ21E,unsplash,data/raw/R6DaAvwZ21E.jpg,white blazer in urban street
iVHQHdvo9Lo,unsplash,data/raw/iVHQHdvo9Lo.jpg,white blazer in urban street
bl66FqA-WIw,unsplash,data/raw/bl66FqA-WIw.jpg,white blazer in urban street
P57ptWyRFos,unsplash,data/raw/P57ptWyRFos.jpg,red blazer in urban street
c9eU-hA7AYY,unsplash,data/raw/c9eU-hA7AYY.jpg,red blazer in urban street
fb9SZJf0trg,unsplash,data/raw/fb9SZJf0trg.jpg,red blazer in urban street
9k49H3UjHUU,unsplash,data/raw/9k49H3UjHUU.jpg,red blazer in urban street
6rb0nJE-fkw,unsplash,data/raw/6rb0nJE-fkw.jpg,red blazer in urban street
Bndz-Cjlx1g,unsplash,data/raw/Bndz-Cjlx1g.jpg,red blazer in urban street
xLft72N96Jg,unsplash,data/raw/xLft72N96Jg.jpg,red blazer in urban street
vKd5i2SgKyg,unsplash,data/raw/vKd5i2SgKyg.jpg,yellow formal wear in urban street
auwcr3Uuy8o,unsplash,data/raw/auwcr3Uuy8o.jpg,yellow formal wear in urban street
6MOFP6L7uUs,unsplash,data/raw/6MOFP6L7uUs.jpg,yellow formal wear in urban street
nf7rTMg9G04,unsplash,data/raw/nf7rTMg9G04.jpg,yellow formal wear in urban street
9Tuo6NmUXPU,unsplash,data/raw/9Tuo6NmUXPU.jpg,yellow formal wear in urban street
u-Nm-mmP1gQ,unsplash,data/raw/u-Nm-mmP1gQ.jpg,yellow formal wear in urban street
g8LRfdGEsJA,unsplash,data/raw/g8LRfdGEsJA.jpg,yellow formal wear in urban street
v63r3oCKGmo,unsplash,data/raw/v63r3oCKGmo.jpg,yellow formal wear in urban street
DuG0pNgHNHQ,unsplash,data/raw/DuG0pNgHNHQ.jpg,yellow formal wear in urban street
AUjqcKmRUXU,unsplash,data/raw/AUjqcKmRUXU.jpg,yellow formal wear in urban street
Z5SCcDlr8a0,unsplash,data/raw/Z5SCcDlr8a0.jpg,beige formal wear in urban street
AEpzRxC-Yns,unsplash,data/raw/AEpzRxC-Yns.jpg,beige formal wear in urban street
u3qDN70ky2g,unsplash,data/raw/u3qDN70ky2g.jpg,beige formal wear in urban street
IT-8Lf26QTM,unsplash,data/raw/IT-8Lf26QTM.jpg,beige formal wear in urban street
xMto1NkxgWA,unsplash,data/raw/xMto1NkxgWA.jpg,beige formal wear in urban street
oEniX-dMt0c,unsplash,data/raw/oEniX-dMt0c.jpg,beige formal wear in urban street
7zSS0xD5mEE,unsplash,data/raw/7zSS0xD5mEE.jpg,beige formal wear in urban street
W5bZKfaVyCY,unsplash,data/raw/W5bZKfaVyCY.jpg,beige formal wear in urban street
g9FLZ6Jag04,unsplash,data/raw/g9FLZ6Jag04.jpg,beige formal wear in urban street
uXbanMpJ_10,unsplash,data/raw/uXbanMpJ_10.jpg,beige formal wear in urban street
kCEVsqP_oIQ,unsplash,data/raw/kCEVsqP_oIQ.jpg,black formal wear in urban street
2QMXe8KIn40,unsplash,data/raw/2QMXe8KIn40.jpg,black formal wear in urban street
hyy3Lrv5WdM,unsplash,data/raw/hyy3Lrv5WdM.jpg,black formal wear in urban street
aMXKCjyIMh4,unsplash,data/raw/aMXKCjyIMh4.jpg,black formal wear in urban street
mz1rMariQ7w,unsplash,data/raw/mz1rMariQ7w.jpg,black formal wear in urban street
T0e7411GP2g,unsplash,data/raw/T0e7411GP2g.jpg,black formal wear in urban street
2CVsHzDTfoQ,unsplash,data/raw/2CVsHzDTfoQ.jpg,black formal wear in urban street
fSO0Gv218gw,unsplash,data/raw/fSO0Gv218gw.jpg,black formal wear in urban street
D86EPYMO6iE,unsplash,data/raw/D86EPYMO6iE.jpg,white hoodie in urban street
BjI37nrcdRg,unsplash,data/raw/BjI37nrcdRg.jpg,white hoodie in urban street
hCdOP62BD38,unsplash,data/raw/hCdOP62BD38.jpg,white hoodie in urban street
S9m-MEugwho,unsplash,data/raw/S9m-MEugwho.jpg,white hoodie in urban street
3D802SuwxDY,unsplash,data/raw/3D802SuwxDY.jpg,white hoodie in urban street
eUNr0R8y_1M,unsplash,data/raw/eUNr0R8y_1M.jpg,white hoodie in urban street
6KCY8PrdmsI,unsplash,data/raw/6KCY8PrdmsI.jpg,white hoodie in urban street
yUNc9tyFFxI,unsplash,data/raw/yUNc9tyFFxI.jpg,white hoodie in urban street
cUAZ_GS-xV4,unsplash,data/raw/cUAZ_GS-xV4.jpg,white hoodie in urban street
qiy29paCJOQ,unsplash,data/raw/qiy29paCJOQ.jpg,white hoodie in urban street
-kePQUohABg,unsplash,data/raw/-kePQUohABg.jpg,yellow hoodie in urban street
l3q4EPAeePs,unsplash,data/raw/l3q4EPAeePs.jpg,yellow hoodie in urban street
KBeU_r_0WmI,unsplash,data/raw/KBeU_r_0WmI.jpg,yellow hoodie in urban street
yRzRoRwnROI,unsplash,data/raw/yRzRoRwnROI.jpg,yellow hoodie in urban street
Hn3pxTcHqlQ,unsplash,data/raw/Hn3pxTcHqlQ.jpg,yellow hoodie in urban street
rMR7YewA1Rw,unsplash,data/raw/rMR7YewA1Rw.jpg,yellow hoodie in urban street
RaO5p0TuCeo,unsplash,data/raw/RaO5p0TuCeo.jpg,yellow hoodie in urban street
57lLfpsBvdQ,unsplash,data/raw/57lLfpsBvdQ.jpg,yellow hoodie in urban street
S1hk4CrBLE4,unsplash,data/raw/S1hk4CrBLE4.jpg,yellow hoodie in urban street
i2nqfJ2G0qM,unsplash,data/raw/i2nqfJ2G0qM.jpg,green hoodie in urban street
2QBcpJuPpGs,unsplash,data/raw/2QBcpJuPpGs.jpg,green hoodie in urban street
t0v2WPi8DI0,unsplash,data/raw/t0v2WPi8DI0.jpg,green hoodie in urban street
X5iL5w_b1Uw,unsplash,data/raw/X5iL5w_b1Uw.jpg,green hoodie in urban street
hovHB9PgnVw,unsplash,data/raw/hovHB9PgnVw.jpg,green hoodie in urban street
FiLfuD4cplU,unsplash,data/raw/FiLfuD4cplU.jpg,green hoodie in urban street
CljsRC1cDik,unsplash,data/raw/CljsRC1cDik.jpg,green hoodie in urban street
LePGRe0jq1A,unsplash,data/raw/LePGRe0jq1A.jpg,green hoodie in urban street
wJeFWQ8Fg_o,unsplash,data/raw/wJeFWQ8Fg_o.jpg,green hoodie in urban street
vndQyG0wEoE,unsplash,data/raw/vndQyG0wEoE.jpg,black t-shirt in urban street
F1Qg0onOH78,unsplash,data/raw/F1Qg0onOH78.jpg,black t-shirt in urban street
S42mmnKEae8,unsplash,data/raw/S42mmnKEae8.jpg,black t-shirt in urban street
V--NxwjrbFo,unsplash,data/raw/V--NxwjrbFo.jpg,black t-shirt in urban street
jRDUsBsaVkk,unsplash,data/raw/jRDUsBsaVkk.jpg,black t-shirt in urban street
MEF_JgZq4-c,unsplash,data/raw/MEF_JgZq4-c.jpg,black t-shirt in urban street
08y-ni1sHaI,unsplash,data/raw/08y-ni1sHaI.jpg,black t-shirt in urban street
4YuSFD62FWA,unsplash,data/raw/4YuSFD62FWA.jpg,black t-shirt in urban street
x06FSlJ1s5Y,unsplash,data/raw/x06FSlJ1s5Y.jpg,black t-shirt in urban street
ovp94lc1mCo,unsplash,data/raw/ovp94lc1mCo.jpg,blue t-shirt in urban street
HiV7fOaVFpU,unsplash,data/raw/HiV7fOaVFpU.jpg,blue t-shirt in urban street
mmLRxU70rfE,unsplash,data/raw/mmLRxU70rfE.jpg,blue t-shirt in urban street
vqy7QllXUGE,unsplash,data/raw/vqy7QllXUGE.jpg,blue t-shirt in urban street
kO6h4mONf2g,unsplash,data/raw/kO6h4mONf2g.jpg,blue t-shirt in urban street
N_WRQoOlJs0,unsplash,data/raw/N_WRQoOlJs0.jpg,blue t-shirt in urban street
AvBlG4guSGE,unsplash,data/raw/AvBlG4guSGE.jpg,blue t-shirt in urban street
-iKz-lghrks,unsplash,data/raw/-iKz-lghrks.jpg,blue t-shirt in urban street
wa1bM6Fzvsw,unsplash,data/raw/wa1bM6Fzvsw.jpg,blue t-shirt in urban street
c-3MxbNt0Io,unsplash,data/raw/c-3MxbNt0Io.jpg,orange t-shirt in urban street
eyd7NJz9GHU,unsplash,data/raw/eyd7NJz9GHU.jpg,orange t-shirt in urban street
CzUDCO19ZBI,unsplash,data/raw/CzUDCO19ZBI.jpg,orange t-shirt in urban street
euxPfXc7XWM,unsplash,data/raw/euxPfXc7XWM.jpg,orange t-shirt in urban street
N1RAD1w6qwk,unsplash,data/raw/N1RAD1w6qwk.jpg,orange t-shirt in urban street
-nWto9qC_Gk,unsplash,data/raw/-nWto9qC_Gk.jpg,orange t-shirt in urban street
yfbTBNnbR9Y,unsplash,data/raw/yfbTBNnbR9Y.jpg,orange t-shirt in urban street
KZo5_Es-Ja4,unsplash,data/raw/KZo5_Es-Ja4.jpg,orange t-shirt in urban street
MgxdreFxsbM,unsplash,data/raw/MgxdreFxsbM.jpg,orange t-shirt in urban street
HDxk894jGw0,unsplash,data/raw/HDxk894jGw0.jpg,beige sweater in urban street
CBtsOdMq-dc,unsplash,data/raw/CBtsOdMq-dc.jpg,beige sweater in urban street
_LD3mW05b4I,unsplash,data/raw/_LD3mW05b4I.jpg,beige sweater in urban street
fE8JRufsXCY,unsplash,data/raw/fE8JRufsXCY.jpg,beige sweater in urban street
SZv63QwfrWs,unsplash,data/raw/SZv63QwfrWs.jpg,beige sweater in urban street
gOmjxNHEviI,unsplash,data/raw/gOmjxNHEviI.jpg,beige sweater in urban street
mphK2OKxn_c,unsplash,data/raw/mphK2OKxn_c.jpg,beige sweater in urban street
sw_m-DSoRgU,unsplash,data/raw/sw_m-DSoRgU.jpg,beige sweater in urban street
LzHw0lKPpQI,unsplash,data/raw/LzHw0lKPpQI.jpg,beige sweater in urban street
--sdTKX4sgI,unsplash,data/raw/--sdTKX4sgI.jpg,beige sweater in urban street
kyMv38aImQc,unsplash,data/raw/kyMv38aImQc.jpg,blue sweater in urban street
O5xT3fRODYk,unsplash,data/raw/O5xT3fRODYk.jpg,blue sweater in urban street
AFNDlhrTmYc,unsplash,data/raw/AFNDlhrTmYc.jpg,blue sweater in urban street
13DtxqmPV7g,unsplash,data/raw/13DtxqmPV7g.jpg,blue sweater in urban street
slGb-o-78Ck,unsplash,data/raw/slGb-o-78Ck.jpg,blue sweater in urban street
4Frlv5GPvJY,unsplash,data/raw/4Frlv5GPvJY.jpg,blue sweater in urban street
h2QXhQ-iwUI,unsplash,data/raw/h2QXhQ-iwUI.jpg,blue sweater in urban street
SZFLao0irsM,unsplash,data/raw/SZFLao0irsM.jpg,blue sweater in urban street
Jwgs13uTRkY,unsplash,data/raw/Jwgs13uTRkY.jpg,blue sweater in urban street
FRwA5sFdGNU,unsplash,data/raw/FRwA5sFdGNU.jpg,blue sweater in urban street
dbGwf2c0RsU,unsplash,data/raw/dbGwf2c0RsU.jpg,black sweater in urban street
WGQOL3gAYXw,unsplash,data/raw/WGQOL3gAYXw.jpg,black sweater in urban street
Ij0ngwEnY58,unsplash,data/raw/Ij0ngwEnY58.jpg,black sweater in urban street
Nt7R5pywOrg,unsplash,data/raw/Nt7R5pywOrg.jpg,black sweater in urban street
BhRL7qKy7u0,unsplash,data/raw/BhRL7qKy7u0.jpg,black sweater in urban street
iQYoPA1M5Ao,unsplash,data/raw/iQYoPA1M5Ao.jpg,black sweater in urban street
9QMalziWa9c,unsplash,data/raw/9QMalziWa9c.jpg,black sweater in urban street
-9GaaU2Wn8Y,unsplash,data/raw/-9GaaU2Wn8Y.jpg,black sweater in urban street
PbhA6ERLtF0,unsplash,data/raw/PbhA6ERLtF0.jpg,black sweater in urban street
PZWUGdMAU-c,unsplash,data/raw/PZWUGdMAU-c.jpg,black raincoat in urban street
EsQzuYDhntk,unsplash,data/raw/EsQzuYDhntk.jpg,black raincoat in urban street
oNJIhH7EWx0,unsplash,data/raw/oNJIhH7EWx0.jpg,black raincoat in urban street
Jg1xFVk1d_s,unsplash,data/raw/Jg1xFVk1d_s.jpg,black raincoat in urban street
ds6ofcVn85E,unsplash,data/raw/ds6ofcVn85E.jpg,black raincoat in urban street
rTcZqIf-cQI,unsplash,data/raw/rTcZqIf-cQI.jpg,black raincoat in urban street
GZfrbExfMHQ,unsplash,data/raw/GZfrbExfMHQ.jpg,black raincoat in urban street
Qf1qH0GtG0Q,unsplash,data/raw/Qf1qH0GtG0Q.jpg,black raincoat in urban street
zskfN2X0evM,unsplash,data/raw/zskfN2X0evM.jpg,black raincoat in urban street
ys5K8H5M6o8,unsplash,data/raw/ys5K8H5M6o8.jpg,black raincoat in urban street
eFslp42r1Bc,unsplash,data/raw/eFslp42r1Bc.jpg,grey raincoat in urban street
oyahBcOLCb4,unsplash,data/raw/oyahBcOLCb4.jpg,grey raincoat in urban street
YvfGbhc286Q,unsplash,data/raw/YvfGbhc286Q.jpg,grey raincoat in urban street
8T4iv4SLABI,unsplash,data/raw/8T4iv4SLABI.jpg,grey raincoat in urban street
dQnjQpca0Ow,unsplash,data/raw/dQnjQpca0Ow.jpg,grey raincoat in urban street
idPuHduMD-E,unsplash,data/raw/idPuHduMD-E.jpg,grey raincoat in urban street
maaRkP6cNs0,unsplash,data/raw/maaRkP6cNs0.jpg,grey raincoat in urban street
dPiJdczjs6c,unsplash,data/raw/dPiJdczjs6c.jpg,grey raincoat in urban street
jzY6tXFN2M0,unsplash,data/raw/jzY6tXFN2M0.jpg,grey raincoat in urban street
GqZ2lS8RLSg,unsplash,data/raw/GqZ2lS8RLSg.jpg,grey raincoat in urban street
DUX7Xjtq2-8,unsplash,data/raw/DUX7Xjtq2-8.jpg,white raincoat in urban street
Tyo2zwM9O2A,unsplash,data/raw/Tyo2zwM9O2A.jpg,white raincoat in urban street
5ogbeJsfijg,unsplash,data/raw/5ogbeJsfijg.jpg,white raincoat in urban street
txo42UA8Nmo,unsplash,data/raw/txo42UA8Nmo.jpg,white raincoat in urban street
FQ5yQF7ssNQ,unsplash,data/raw/FQ5yQF7ssNQ.jpg,white raincoat in urban street
irG9Kj68p0M,unsplash,data/raw/irG9Kj68p0M.jpg,red jacket in urban street
lwSdKw0JBHg,unsplash,data/raw/lwSdKw0JBHg.jpg,red jacket in urban street
9TcAyjkBsJg,unsplash,data/raw/9TcAyjkBsJg.jpg,red jacket in urban street
FcdcBdXnHUM,unsplash,data/raw/FcdcBdXnHUM.jpg,red jacket in urban street
t3I2kTAe8t4,unsplash,data/raw/t3I2kTAe8t4.jpg,red jacket in urban street
65h0VobcEog,unsplash,data/raw/65h0VobcEog.jpg,red jacket in urban street
VbTzXTwGJbw,unsplash,data/raw/VbTzXTwGJbw.jpg,red jacket in urban street
cLsdwRDoP5o,unsplash,data/raw/cLsdwRDoP5o.jpg,red jacket in urban street
pG2i7iS0R3M,unsplash,data/raw/pG2i7iS0R3M.jpg,red jacket in urban street
VxK278zhiMc,unsplash,data/raw/VxK278zhiMc.jpg,red jacket in urban street
kiQz2GfjltI,unsplash,data/raw/kiQz2GfjltI.jpg,navy jacket in urban street
c6WhJK9fx0A,unsplash,data/raw/c6WhJK9fx0A.jpg,navy jacket in urban street
t5oZJLNDuq0,unsplash,data/raw/t5oZJLNDuq0.jpg,navy jacket in urban street
aEbtS1RGURM,unsplash,data/raw/aEbtS1RGURM.jpg,blue coat in urban street
ljCO0ZpCvEw,unsplash,data/raw/ljCO0ZpCvEw.jpg,blue coat in urban street
ST_GSG-98yM,unsplash,data/raw/ST_GSG-98yM.jpg,blue coat in urban street
La9OBKE8NKM,unsplash,data/raw/La9OBKE8NKM.jpg,blue coat in urban street
OuKa2JaJgzY,unsplash,data/raw/OuKa2JaJgzY.jpg,blue coat in urban street
ZOyLUZMj2Zc,unsplash,data/raw/ZOyLUZMj2Zc.jpg,blue coat in urban street
6Ku5Ko8_ajc,unsplash,data/raw/6Ku5Ko8_ajc.jpg,blue coat in urban street
zIThiBmYwos,unsplash,data/raw/zIThiBmYwos.jpg,blue coat in urban street
uNRhUp_SHy8,unsplash,data/raw/uNRhUp_SHy8.jpg,blue coat in urban street
kGFbTfDOMks,unsplash,data/raw/kGFbTfDOMks.jpg,blue coat in urban street
LMb_PX0btww,unsplash,data/raw/LMb_PX0btww.jpg,beige coat in urban street
CVNpd6MUhgc,unsplash,data/raw/CVNpd6MUhgc.jpg,beige coat in urban street
MSPhWTcQvBU,unsplash,data/raw/MSPhWTcQvBU.jpg,beige coat in urban street
LA0bzRHvdI8,unsplash,data/raw/LA0bzRHvdI8.jpg,beige coat in urban street
T15-Mxn9Aes,unsplash,data/raw/T15-Mxn9Aes.jpg,beige coat in urban street
kgcoIPljB2M,unsplash,data/raw/kgcoIPljB2M.jpg,beige coat in urban street
Hy6dVtBRFgo,unsplash,data/raw/Hy6dVtBRFgo.jpg,beige coat in urban street
hVAwN2SdJZ8,unsplash,data/raw/hVAwN2SdJZ8.jpg,pink coat in urban street
XY5-ru0zAnc,unsplash,data/raw/XY5-ru0zAnc.jpg,pink coat in urban street
nsVmqrWZ6fs,unsplash,data/raw/nsVmqrWZ6fs.jpg,pink coat in urban street
vl-snATnMqM,unsplash,data/raw/vl-snATnMqM.jpg,pink coat in urban street
PHJ_3WQ6nOs,unsplash,data/raw/PHJ_3WQ6nOs.jpg,pink coat in urban street
hhQ9PAXxXFE,unsplash,data/raw/hhQ9PAXxXFE.jpg,pink coat in urban street
I7FRHTDWTa4,unsplash,data/raw/I7FRHTDWTa4.jpg,pink coat in urban street
LHbduXZdWVA,unsplash,data/raw/LHbduXZdWVA.jpg,pink coat in urban street
kp418eszaEs,unsplash,data/raw/kp418eszaEs.jpg,pink coat in urban street
f_zFmb-Ijto,unsplash,data/raw/f_zFmb-Ijto.jpg,brown business suit in park
zTNMXYuinpU,unsplash,data/raw/zTNMXYuinpU.jpg,brown business suit in park
sAow12jB7cQ,unsplash,data/raw/sAow12jB7cQ.jpg,brown business suit in park
buC44DgeFvs,unsplash,data/raw/buC44DgeFvs.jpg,brown business suit in park
HmAWk_fmwcw,unsplash,data/raw/HmAWk_fmwcw.jpg,brown business suit in park
DLMkLFGavhc,unsplash,data/raw/DLMkLFGavhc.jpg,brown business suit in park
6tJ_2QCNpV0,unsplash,data/raw/6tJ_2QCNpV0.jpg,brown business suit in park
Dh68sGFi5Pc,unsplash,data/raw/Dh68sGFi5Pc.jpg,brown business suit in park
x_HjWfT5VfY,unsplash,data/raw/x_HjWfT5VfY.jpg,brown business suit in park
bEJODS9XkiI,unsplash,data/raw/bEJODS9XkiI.jpg,brown business suit in park
AN3_Dhq7xy8,unsplash,data/raw/AN3_Dhq7xy8.jpg,white business suit in park
sNiTXjs8ldk,unsplash,data/raw/sNiTXjs8ldk.jpg,white business suit in park
f0vJbXDNJgU,unsplash,data/raw/f0vJbXDNJgU.jpg,black blazer in park
S_BqD4Ia8kw,unsplash,data/raw/S_BqD4Ia8kw.jpg,black blazer in park
2BGSTEKkW4s,unsplash,data/raw/2BGSTEKkW4s.jpg,black blazer in park
GrScP_w8O0I,unsplash,data/raw/GrScP_w8O0I.jpg,black blazer in park
CgCLSjTULbo,unsplash,data/raw/CgCLSjTULbo.jpg,black blazer in park
HFJ65-zt5s4,unsplash,data/raw/HFJ65-zt5s4.jpg,black blazer in park
tMuwjUqqKGY,unsplash,data/raw/tMuwjUqqKGY.jpg,black blazer in park
cLrwt2XpiSc,unsplash,data/raw/cLrwt2XpiSc.jpg,black blazer in park
MjxO6SBOPbY,unsplash,data/raw/MjxO6SBOPbY.jpg,black blazer in park
ASIebEHd2kI,unsplash,data/raw/ASIebEHd2kI.jpg,grey blazer in park
l48mgGSJSTo,unsplash,data/raw/l48mgGSJSTo.jpg,grey blazer in park
ILxURlyW1SQ,unsplash,data/raw/ILxURlyW1SQ.jpg,grey blazer in park
44YGD-3nwOg,unsplash,data/raw/44YGD-3nwOg.jpg,grey blazer in park
HkE-HtSlfDY,unsplash,data/raw/HkE-HtSlfDY.jpg,grey blazer in park
df0XUpt3Zj4,unsplash,data/raw/df0XUpt3Zj4.jpg,grey blazer in park
3wj-wF-kngo,unsplash,data/raw/3wj-wF-kngo.jpg,grey blazer in park
ou5txIK58co,unsplash,data/raw/ou5txIK58co.jpg,grey blazer in park
Se_bQIlYXYQ,unsplash,data/raw/Se_bQIlYXYQ.jpg,grey blazer in park
fSDJtlQzSDk,unsplash,data/raw/fSDJtlQzSDk.jpg,green blazer in park
lw4_3Dwl_As,unsplash,data/raw/lw4_3Dwl_As.jpg,green blazer in park
yiJTuGp3L8o,unsplash_target,data/raw/yiJTuGp3L8o.jpg,target_yellow raincoat
12kKVMGAuH0,unsplash_target,data/raw/12kKVMGAuH0.jpg,target_yellow raincoat
V2bqGL02LKY,unsplash_target,data/raw/V2bqGL02LKY.jpg,target_business attire office
tSoldjXpwE4,unsplash_target,data/raw/tSoldjXpwE4.jpg,target_business attire office
ngAxWU6y2j8,unsplash_target,data/raw/ngAxWU6y2j8.jpg,target_blue shirt park bench
HqDU34GI_yQ,unsplash_target,data/raw/HqDU34GI_yQ.jpg,target_blue shirt park bench
UCd0wbsXgCE,unsplash_target,data/raw/UCd0wbsXgCE.jpg,target_casual weekend city walk
R1obAiNAD5Y,unsplash_target,data/raw/R1obAiNAD5Y.jpg,target_casual weekend city walk
sbWpyIwzAGw,unsplash_target,data/raw/sbWpyIwzAGw.jpg,target_red tie white shirt formal
TF5oa_-Vgrs,unsplash_target,data/raw/TF5oa_-Vgrs.jpg,target_red tie white shirt formal
003d41dd20f271d27219fe7ee6de727d,fashionpedia,data/raw/fashionpedia/003d41dd20f271d27219fe7ee6de727d.jpg,fashionpedia_real_sample
0046f98599f05fd7233973e430d6d04d,fashionpedia,data/raw/fashionpedia/0046f98599f05fd7233973e430d6d04d.jpg,fashionpedia_real_sample
004e9e21cd1aca568a8ffc77a54638ce,fashionpedia,data/raw/fashionpedia/004e9e21cd1aca568a8ffc77a54638ce.jpg,fashionpedia_real_sample
005b37fce3c0f641d327d95dd832f51b,fashionpedia,data/raw/fashionpedia/005b37fce3c0f641d327d95dd832f51b.jpg,fashionpedia_real_sample
0094940c58c343b742f48ae26eb5e9fa,fashionpedia,data/raw/fashionpedia/0094940c58c343b742f48ae26eb5e9fa.jpg,fashionpedia_real_sample
0099bc6cd3b8c47c2d21a2877b1fa533,fashionpedia,data/raw/fashionpedia/0099bc6cd3b8c47c2d21a2877b1fa533.jpg,fashionpedia_real_sample
009b107156c1ee41b03c5b35a82e7232,fashionpedia,data/raw/fashionpedia/009b107156c1ee41b03c5b35a82e7232.jpg,fashionpedia_real_sample
00a1940434d687a785be0acf2b0fbff3,fashionpedia,data/raw/fashionpedia/00a1940434d687a785be0acf2b0fbff3.jpg,fashionpedia_real_sample
00a325fd4dc22079095ab46330abf7be,fashionpedia,data/raw/fashionpedia/00a325fd4dc22079095ab46330abf7be.jpg,fashionpedia_real_sample
00a8764cff12b2e849c850f4be5608bc,fashionpedia,data/raw/fashionpedia/00a8764cff12b2e849c850f4be5608bc.jpg,fashionpedia_real_sample
00d5da56c02d426c4e4bf802b1888471,fashionpedia,data/raw/fashionpedia/00d5da56c02d426c4e4bf802b1888471.jpg,fashionpedia_real_sample
00d6e5891b7507fccbd49f2c2756b114,fashionpedia,data/raw/fashionpedia/00d6e5891b7507fccbd49f2c2756b114.jpg,fashionpedia_real_sample
00e45dd233e31906f538ba17dd45bf29,fashionpedia,data/raw/fashionpedia/00e45dd233e31906f538ba17dd45bf29.jpg,fashionpedia_real_sample
00f1db534538841931f15f2bb5cec76c,fashionpedia,data/raw/fashionpedia/00f1db534538841931f15f2bb5cec76c.jpg,fashionpedia_real_sample
00faa1032cc0809974a8d2dd7b018497,fashionpedia,data/raw/fashionpedia/00faa1032cc0809974a8d2dd7b018497.jpg,fashionpedia_real_sample
010cf2ab96d1d730e15c76720af0e1a6,fashionpedia,data/raw/fashionpedia/010cf2ab96d1d730e15c76720af0e1a6.jpg,fashionpedia_real_sample
011ccdc0d82e359420e5b578740d7971,fashionpedia,data/raw/fashionpedia/011ccdc0d82e359420e5b578740d7971.jpg,fashionpedia_real_sample
0146a53e12d690914995248fb6872121,fashionpedia,data/raw/fashionpedia/0146a53e12d690914995248fb6872121.jpg,fashionpedia_real_sample
014c44b97f844dffda594b9e00a4b3fd,fashionpedia,data/raw/fashionpedia/014c44b97f844dffda594b9e00a4b3fd.jpg,fashionpedia_real_sample
014eadcd4cf28a669232d4b6470e4e01,fashionpedia,data/raw/fashionpedia/014eadcd4cf28a669232d4b6470e4e01.jpg,fashionpedia_real_sample
01590a6ba1c54b8addb3c6f876c53a2e,fashionpedia,data/raw/fashionpedia/01590a6ba1c54b8addb3c6f876c53a2e.jpg,fashionpedia_real_sample
016247873d36ee0ea830a3827107d52c,fashionpedia,data/raw/fashionpedia/016247873d36ee0ea830a3827107d52c.jpg,fashionpedia_real_sample
017feefa35d1e5a8d27d3b93a6d96d15,fashionpedia,data/raw/fashionpedia/017feefa35d1e5a8d27d3b93a6d96d15.jpg,fashionpedia_real_sample
019ec2bcca4c8aa6381ae3661f5959ef,fashionpedia,data/raw/fashionpedia/019ec2bcca4c8aa6381ae3661f5959ef.jpg,fashionpedia_real_sample
01a64310ea9205193295869fcae93f90,fashionpedia,data/raw/fashionpedia/01a64310ea9205193295869fcae93f90.jpg,fashionpedia_real_sample
01ba45ca87225b17fef4abda0bd329e9,fashionpedia,data/raw/fashionpedia/01ba45ca87225b17fef4abda0bd329e9.jpg,fashionpedia_real_sample
01bb382de271571e209dd10cc220c7bc,fashionpedia,data/raw/fashionpedia/01bb382de271571e209dd10cc220c7bc.jpg,fashionpedia_real_sample
01c4698117bd9b3f99bc751da8dfd96c,fashionpedia,data/raw/fashionpedia/01c4698117bd9b3f99bc751da8dfd96c.jpg,fashionpedia_real_sample
01c6f5ce934d00d6923c549671c36000,fashionpedia,data/raw/fashionpedia/01c6f5ce934d00d6923c549671c36000.jpg,fashionpedia_real_sample
01cb7fbd4a2d2c5b9aebfcd3c25c74e9,fashionpedia,data/raw/fashionpedia/01cb7fbd4a2d2c5b9aebfcd3c25c74e9.jpg,fashionpedia_real_sample
01d0251b5bc5a41f93c86042c56258d3,fashionpedia,data/raw/fashionpedia/01d0251b5bc5a41f93c86042c56258d3.jpg,fashionpedia_real_sample
0205895cfbb5348d94fda8ce32272fa5,fashionpedia,data/raw/fashionpedia/0205895cfbb5348d94fda8ce32272fa5.jpg,fashionpedia_real_sample
0214748c08592468d953769e712b9d9f,fashionpedia,data/raw/fashionpedia/0214748c08592468d953769e712b9d9f.jpg,fashionpedia_real_sample
02147618f9a3ea98605fa68f9179c7a0,fashionpedia,data/raw/fashionpedia/02147618f9a3ea98605fa68f9179c7a0.jpg,fashionpedia_real_sample
02182c58daf61dc5c5c64bb112b1f826,fashionpedia,data/raw/fashionpedia/02182c58daf61dc5c5c64bb112b1f826.jpg,fashionpedia_real_sample
0229bef01efc25f915374d55f59cbfdd,fashionpedia,data/raw/fashionpedia/0229bef01efc25f915374d55f59cbfdd.jpg,fashionpedia_real_sample
0231c9645ffeeef22e6f8d769cbfcb13,fashionpedia,data/raw/fashionpedia/0231c9645ffeeef22e6f8d769cbfcb13.jpg,fashionpedia_real_sample
025c44ff30ea619abd1b1bb2df58bb8b,fashionpedia,data/raw/fashionpedia/025c44ff30ea619abd1b1bb2df58bb8b.jpg,fashionpedia_real_sample
025ee977bba7d2d1420984745d8232f7,fashionpedia,data/raw/fashionpedia/025ee977bba7d2d1420984745d8232f7.jpg,fashionpedia_real_sample
027e76835ebc810fdcc0e54b146e8fc3,fashionpedia,data/raw/fashionpedia/027e76835ebc810fdcc0e54b146e8fc3.jpg,fashionpedia_real_sample
02916664cd606bb5486353f200a475a3,fashionpedia,data/raw/fashionpedia/02916664cd606bb5486353f200a475a3.jpg,fashionpedia_real_sample
02b4423e161fa2409974174ec53cdb2a,fashionpedia,data/raw/fashionpedia/02b4423e161fa2409974174ec53cdb2a.jpg,fashionpedia_real_sample
02c29fa40b5c3802312e065f1f52cc80,fashionpedia,data/raw/fashionpedia/02c29fa40b5c3802312e065f1f52cc80.jpg,fashionpedia_real_sample
02ddd4192bc9a5823be4312824814279,fashionpedia,data/raw/fashionpedia/02ddd4192bc9a5823be4312824814279.jpg,fashionpedia_real_sample
02f4eb537b152293cf69938553518677,fashionpedia,data/raw/fashionpedia/02f4eb537b152293cf69938553518677.jpg,fashionpedia_real_sample
0301f50a3cd73f13cd9e1125d8ef38bd,fashionpedia,data/raw/fashionpedia/0301f50a3cd73f13cd9e1125d8ef38bd.jpg,fashionpedia_real_sample
0309e132bc5fbc75f977005b2d4a79e3,fashionpedia,data/raw/fashionpedia/0309e132bc5fbc75f977005b2d4a79e3.jpg,fashionpedia_real_sample
030cfd158b49ff622c71bdf9aa30f39a,fashionpedia,data/raw/fashionpedia/030cfd158b49ff622c71bdf9aa30f39a.jpg,fashionpedia_real_sample
032590f9400693dc8cc6005f4b8dcaa9,fashionpedia,data/raw/fashionpedia/032590f9400693dc8cc6005f4b8dcaa9.jpg,fashionpedia_real_sample
03272452a2491dbed76a28035e195d32,fashionpedia,data/raw/fashionpedia/03272452a2491dbed76a28035e195d32.jpg,fashionpedia_real_sample
032e7b9f985406a0b76a0d1164e3050c,fashionpedia,data/raw/fashionpedia/032e7b9f985406a0b76a0d1164e3050c.jpg,fashionpedia_real_sample
03410de826f6272f67a3549186d82c4e,fashionpedia,data/raw/fashionpedia/03410de826f6272f67a3549186d82c4e.jpg,fashionpedia_real_sample
0349e23c22d9ab9a482ac3d38ec315d5,fashionpedia,data/raw/fashionpedia/0349e23c22d9ab9a482ac3d38ec315d5.jpg,fashionpedia_real_sample
03549b86fb916d9fc725d816c94d0a3c,fashionpedia,data/raw/fashionpedia/03549b86fb916d9fc725d816c94d0a3c.jpg,fashionpedia_real_sample
035b280e6bfd861226dbd2d1c8f89873,fashionpedia,data/raw/fashionpedia/035b280e6bfd861226dbd2d1c8f89873.jpg,fashionpedia_real_sample
0373fa1af9637930d36bddae6e620b6c,fashionpedia,data/raw/fashionpedia/0373fa1af9637930d36bddae6e620b6c.jpg,fashionpedia_real_sample
0374a968b65e5cdf513bd9e20af71874,fashionpedia,data/raw/fashionpedia/0374a968b65e5cdf513bd9e20af71874.jpg,fashionpedia_real_sample
0376447616a44894318f342c004da244,fashionpedia,data/raw/fashionpedia/0376447616a44894318f342c004da244.jpg,fashionpedia_real_sample
037bb8903e05afa1af566af09e2122ea,fashionpedia,data/raw/fashionpedia/037bb8903e05afa1af566af09e2122ea.jpg,fashionpedia_real_sample
0388345fc60c336a3fe94085490776e7,fashionpedia,data/raw/fashionpedia/0388345fc60c336a3fe94085490776e7.jpg,fashionpedia_real_sample
03940cb6fdf45a4844dacf11367a7ff6,fashionpedia,data/raw/fashionpedia/03940cb6fdf45a4844dacf11367a7ff6.jpg,fashionpedia_real_sample
039a4d7431ddd3a3aa8e7c11b870897c,fashionpedia,data/raw/fashionpedia/039a4d7431ddd3a3aa8e7c11b870897c.jpg,fashionpedia_real_sample
03bce314fb43dbf88fa378f170cccc0b,fashionpedia,data/raw/fashionpedia/03bce314fb43dbf88fa378f170cccc0b.jpg,fashionpedia_real_sample
03c846b699a15a82eb5ed75c61b6e95f,fashionpedia,data/raw/fashionpedia/03c846b699a15a82eb5ed75c61b6e95f.jpg,fashionpedia_real_sample
03e74d876f65ddd114ae4809618ca710,fashionpedia,data/raw/fashionpedia/03e74d876f65ddd114ae4809618ca710.jpg,fashionpedia_real_sample
03e85172b71bb7c69b4cba22ebb34063,fashionpedia,data/raw/fashionpedia/03e85172b71bb7c69b4cba22ebb34063.jpg,fashionpedia_real_sample
03fc99c4deaf14724ef6277dec16b8e8,fashionpedia,data/raw/fashionpedia/03fc99c4deaf14724ef6277dec16b8e8.jpg,fashionpedia_real_sample
04031384f4918c7176a1b20ea2537140,fashionpedia,data/raw/fashionpedia/04031384f4918c7176a1b20ea2537140.jpg,fashionpedia_real_sample
041a6b43ed7ddfa1ec6040d27e5ce9a8,fashionpedia,data/raw/fashionpedia/041a6b43ed7ddfa1ec6040d27e5ce9a8.jpg,fashionpedia_real_sample
0420c7e0454fbbe11fadd23eb1f40d38,fashionpedia,data/raw/fashionpedia/0420c7e0454fbbe11fadd23eb1f40d38.jpg,fashionpedia_real_sample
0434751e2f4ecc0fc5ca600f3ac680bc,fashionpedia,data/raw/fashionpedia/0434751e2f4ecc0fc5ca600f3ac680bc.jpg,fashionpedia_real_sample
045db5fc067cb10b5d705c2afefa5966,fashionpedia,data/raw/fashionpedia/045db5fc067cb10b5d705c2afefa5966.jpg,fashionpedia_real_sample
0483fc73ee89d2e8c4b63aeb3af0542c,fashionpedia,data/raw/fashionpedia/0483fc73ee89d2e8c4b63aeb3af0542c.jpg,fashionpedia_real_sample
04ae4fab477d24611f461c8f7ed4fb3d,fashionpedia,data/raw/fashionpedia/04ae4fab477d24611f461c8f7ed4fb3d.jpg,fashionpedia_real_sample
04e247377c80eb9f6e34c56595d68c95,fashionpedia,data/raw/fashionpedia/04e247377c80eb9f6e34c56595d68c95.jpg,fashionpedia_real_sample
04e2745901c01dfb922ec164cd1e15ab,fashionpedia,data/raw/fashionpedia/04e2745901c01dfb922ec164cd1e15ab.jpg,fashionpedia_real_sample
04f51b3d0b28736139affb4e1feed01c,fashionpedia,data/raw/fashionpedia/04f51b3d0b28736139affb4e1feed01c.jpg,fashionpedia_real_sample
04f6e414deea516f05612aa595c7a65e,fashionpedia,data/raw/fashionpedia/04f6e414deea516f05612aa595c7a65e.jpg,fashionpedia_real_sample
050462b952d003e868fe647797e20f81,fashionpedia,data/raw/fashionpedia/050462b952d003e868fe647797e20f81.jpg,fashionpedia_real_sample
053888747fe4d05e64411e7454b10881,fashionpedia,data/raw/fashionpedia/053888747fe4d05e64411e7454b10881.jpg,fashionpedia_real_sample
05418f9e1940094003b16deb58b3a01d,fashionpedia,data/raw/fashionpedia/05418f9e1940094003b16deb58b3a01d.jpg,fashionpedia_real_sample
0544acba02e8776a56fde74f83633c21,fashionpedia,data/raw/fashionpedia/0544acba02e8776a56fde74f83633c21.jpg,fashionpedia_real_sample
05488fcc74f81ae452dd55229003f58f,fashionpedia,data/raw/fashionpedia/05488fcc74f81ae452dd55229003f58f.jpg,fashionpedia_real_sample
0548e689638d1e559179b34bc895b72f,fashionpedia,data/raw/fashionpedia/0548e689638d1e559179b34bc895b72f.jpg,fashionpedia_real_sample
05571f180bbbaca6d3839ddb0a53f0c2,fashionpedia,data/raw/fashionpedia/05571f180bbbaca6d3839ddb0a53f0c2.jpg,fashionpedia_real_sample
056bea38b1947154d0613aab63505033,fashionpedia,data/raw/fashionpedia/056bea38b1947154d0613aab63505033.jpg,fashionpedia_real_sample
057ebf774d4173380ce513578bd0f3f6,fashionpedia,data/raw/fashionpedia/057ebf774d4173380ce513578bd0f3f6.jpg,fashionpedia_real_sample
058c71bfaebc5d0eb9c2d7285b731560,fashionpedia,data/raw/fashionpedia/058c71bfaebc5d0eb9c2d7285b731560.jpg,fashionpedia_real_sample
05ac586e0bd29fdf12a9506bf05b280b,fashionpedia,data/raw/fashionpedia/05ac586e0bd29fdf12a9506bf05b280b.jpg,fashionpedia_real_sample
05af199570c00b817102c3cb6834a6e4,fashionpedia,data/raw/fashionpedia/05af199570c00b817102c3cb6834a6e4.jpg,fashionpedia_real_sample
05b35a8b70fc204bc6e9339bbc613d22,fashionpedia,data/raw/fashionpedia/05b35a8b70fc204bc6e9339bbc613d22.jpg,fashionpedia_real_sample
05b3d380777552fde5ecd7d2f59a446c,fashionpedia,data/raw/fashionpedia/05b3d380777552fde5ecd7d2f59a446c.jpg,fashionpedia_real_sample
05b5e806121325fe0b9879c18f146f39,fashionpedia,data/raw/fashionpedia/05b5e806121325fe0b9879c18f146f39.jpg,fashionpedia_real_sample
05bf5bc41fc3f6e18507faac19298273,fashionpedia,data/raw/fashionpedia/05bf5bc41fc3f6e18507faac19298273.jpg,fashionpedia_real_sample
05bfc7156bc37ce44207ca814f1b3737,fashionpedia,data/raw/fashionpedia/05bfc7156bc37ce44207ca814f1b3737.jpg,fashionpedia_real_sample
05cbf14e6618b439185c053633831cdf,fashionpedia,data/raw/fashionpedia/05cbf14e6618b439185c053633831cdf.jpg,fashionpedia_real_sample
05d26dad11c6bca43d37df0c16d91bc9,fashionpedia,data/raw/fashionpedia/05d26dad11c6bca43d37df0c16d91bc9.jpg,fashionpedia_real_sample
05df29d770955d6fe8d7873982aba082,fashionpedia,data/raw/fashionpedia/05df29d770955d6fe8d7873982aba082.jpg,fashionpedia_real_sample
05df3749007ec999df0176b9db7c23e3,fashionpedia,data/raw/fashionpedia/05df3749007ec999df0176b9db7c23e3.jpg,fashionpedia_real_sample
05f4264fb2ef7d7928d8b85522672ec0,fashionpedia,data/raw/fashionpedia/05f4264fb2ef7d7928d8b85522672ec0.jpg,fashionpedia_real_sample
06017096e7f209d3b23802f546830b40,fashionpedia,data/raw/fashionpedia/06017096e7f209d3b23802f546830b40.jpg,fashionpedia_real_sample
0617757485dad98ded988c6e101c8bf2,fashionpedia,data/raw/fashionpedia/0617757485dad98ded988c6e101c8bf2.jpg,fashionpedia_real_sample
0620db3b113984cd1a3a252f7664624a,fashionpedia,data/raw/fashionpedia/0620db3b113984cd1a3a252f7664624a.jpg,fashionpedia_real_sample
063053841bae486b4c35f00d361e0b2e,fashionpedia,data/raw/fashionpedia/063053841bae486b4c35f00d361e0b2e.jpg,fashionpedia_real_sample
0634790bec8b79130ea6bdf45e1ba939,fashionpedia,data/raw/fashionpedia/0634790bec8b79130ea6bdf45e1ba939.jpg,fashionpedia_real_sample
064c8022b32931e787260d81ed5aafe8,fashionpedia,data/raw/fashionpedia/064c8022b32931e787260d81ed5aafe8.jpg,fashionpedia_real_sample
065fd62a332e15121c5f8713a5bc6bbc,fashionpedia,data/raw/fashionpedia/065fd62a332e15121c5f8713a5bc6bbc.jpg,fashionpedia_real_sample
066cc36daacfc618bc5a70e8ce789fed,fashionpedia,data/raw/fashionpedia/066cc36daacfc618bc5a70e8ce789fed.jpg,fashionpedia_real_sample
069223d02dcbfbe69af905daeb7fae26,fashionpedia,data/raw/fashionpedia/069223d02dcbfbe69af905daeb7fae26.jpg,fashionpedia_real_sample
06c55d20eabb8441eb9b366025cc43ce,fashionpedia,data/raw/fashionpedia/06c55d20eabb8441eb9b366025cc43ce.jpg,fashionpedia_real_sample
06cbcf9a70a67f6f02990ab060e3bf16,fashionpedia,data/raw/fashionpedia/06cbcf9a70a67f6f02990ab060e3bf16.jpg,fashionpedia_real_sample
06cc4cc3fd423fb82ce78a63c903cc5b,fashionpedia,data/raw/fashionpedia/06cc4cc3fd423fb82ce78a63c903cc5b.jpg,fashionpedia_real_sample
06d3d5f692fedec651140520248bf5c9,fashionpedia,data/raw/fashionpedia/06d3d5f692fedec651140520248bf5c9.jpg,fashionpedia_real_sample
06e324f9ef2c3bc1cc2573562e498499,fashionpedia,data/raw/fashionpedia/06e324f9ef2c3bc1cc2573562e498499.jpg,fashionpedia_real_sample
06eca767af94ec50eb0503088708be13,fashionpedia,data/raw/fashionpedia/06eca767af94ec50eb0503088708be13.jpg,fashionpedia_real_sample
06ecffe481441947fcc9c8cadc8d07ee,fashionpedia,data/raw/fashionpedia/06ecffe481441947fcc9c8cadc8d07ee.jpg,fashionpedia_real_sample
07572e488f6e5e7b3868a64fbc6be1a3,fashionpedia,data/raw/fashionpedia/07572e488f6e5e7b3868a64fbc6be1a3.jpg,fashionpedia_real_sample
07729e318fa891baba6eb212220b95a6,fashionpedia,data/raw/fashionpedia/07729e318fa891baba6eb212220b95a6.jpg,fashionpedia_real_sample
079316c57596d9c170b1fa3964ddaa6c,fashionpedia,data/raw/fashionpedia/079316c57596d9c170b1fa3964ddaa6c.jpg,fashionpedia_real_sample
07960daf191c39d8a5c9ea31d0967b72,fashionpedia,data/raw/fashionpedia/07960daf191c39d8a5c9ea31d0967b72.jpg,fashionpedia_real_sample
0797a7c729a7da9e67258f46bf25113e,fashionpedia,data/raw/fashionpedia/0797a7c729a7da9e67258f46bf25113e.jpg,fashionpedia_real_sample
07a7bc9429c23e4704ab97898de75030,fashionpedia,data/raw/fashionpedia/07a7bc9429c23e4704ab97898de75030.jpg,fashionpedia_real_sample
07ca6418fec6b952b930f7fc19de9e38,fashionpedia,data/raw/fashionpedia/07ca6418fec6b952b930f7fc19de9e38.jpg,fashionpedia_real_sample
07ca8557b287c88d68ad06b4fe42776b,fashionpedia,data/raw/fashionpedia/07ca8557b287c88d68ad06b4fe42776b.jpg,fashionpedia_real_sample
07daf1f351859a7d4fcff7b90cc7c01d,fashionpedia,data/raw/fashionpedia/07daf1f351859a7d4fcff7b90cc7c01d.jpg,fashionpedia_real_sample
07ea7662a6eac3f7d6a998c94239ef4e,fashionpedia,data/raw/fashionpedia/07ea7662a6eac3f7d6a998c94239ef4e.jpg,fashionpedia_real_sample
08269ba6f7c1fffd539fc3c016b771e6,fashionpedia,data/raw/fashionpedia/08269ba6f7c1fffd539fc3c016b771e6.jpg,fashionpedia_real_sample
082ad027fea3c92f27b41ab293847fd2,fashionpedia,data/raw/fashionpedia/082ad027fea3c92f27b41ab293847fd2.jpg,fashionpedia_real_sample
083eab3fccdb0fe9af6b29d5648c1c00,fashionpedia,data/raw/fashionpedia/083eab3fccdb0fe9af6b29d5648c1c00.jpg,fashionpedia_real_sample
08508eee91db9d3e8cb30d9beaa3e1a7,fashionpedia,data/raw/fashionpedia/08508eee91db9d3e8cb30d9beaa3e1a7.jpg,fashionpedia_real_sample
08680e1257c83a5a603ae3ef67ef3dde,fashionpedia,data/raw/fashionpedia/08680e1257c83a5a603ae3ef67ef3dde.jpg,fashionpedia_real_sample
086d00c234f4cb9aa9798860266c3c3f,fashionpedia,data/raw/fashionpedia/086d00c234f4cb9aa9798860266c3c3f.jpg,fashionpedia_real_sample
08a58fc63f2d38be5419ad16e7ced303,fashionpedia,data/raw/fashionpedia/08a58fc63f2d38be5419ad16e7ced303.jpg,fashionpedia_real_sample
08a5fc15bb6f3e0f59f4abbf83b79a0e,fashionpedia,data/raw/fashionpedia/08a5fc15bb6f3e0f59f4abbf83b79a0e.jpg,fashionpedia_real_sample
08aef22333dc36956f927b2528d47ace,fashionpedia,data/raw/fashionpedia/08aef22333dc36956f927b2528d47ace.jpg,fashionpedia_real_sample
08b487d437ae6058ca64250be162b656,fashionpedia,data/raw/fashionpedia/08b487d437ae6058ca64250be162b656.jpg,fashionpedia_real_sample
08b871382189d9cfb98ae69b8aaf6a37,fashionpedia,data/raw/fashionpedia/08b871382189d9cfb98ae69b8aaf6a37.jpg,fashionpedia_real_sample
08c915c2155cb2e58b7d485982c68947,fashionpedia,data/raw/fashionpedia/08c915c2155cb2e58b7d485982c68947.jpg,fashionpedia_real_sample
08ce85240ea476099fa8e4528b4b8e23,fashionpedia,data/raw/fashionpedia/08ce85240ea476099fa8e4528b4b8e23.jpg,fashionpedia_real_sample
08d7b9303063435f0302169edcb701d4,fashionpedia,data/raw/fashionpedia/08d7b9303063435f0302169edcb701d4.jpg,fashionpedia_real_sample
08db3cd964133d2c08571a4399083f59,fashionpedia,data/raw/fashionpedia/08db3cd964133d2c08571a4399083f59.jpg,fashionpedia_real_sample
0931b17ccbb82e1eda1010f1428cc7cb,fashionpedia,data/raw/fashionpedia/0931b17ccbb82e1eda1010f1428cc7cb.jpg,fashionpedia_real_sample
09350208dbbe3f0d495c48a8ed036d8e,fashionpedia,data/raw/fashionpedia/09350208dbbe3f0d495c48a8ed036d8e.jpg,fashionpedia_real_sample
09524f427576768e445b55a1975b9d7f,fashionpedia,data/raw/fashionpedia/09524f427576768e445b55a1975b9d7f.jpg,fashionpedia_real_sample
095b9c28ea50b1707ad4be55a37ae399,fashionpedia,data/raw/fashionpedia/095b9c28ea50b1707ad4be55a37ae399.jpg,fashionpedia_real_sample
09675496409c85adc6deba11277050e8,fashionpedia,data/raw/fashionpedia/09675496409c85adc6deba11277050e8.jpg,fashionpedia_real_sample
09a205e6a9500de4d5ec89446a3d9bf2,fashionpedia,data/raw/fashionpedia/09a205e6a9500de4d5ec89446a3d9bf2.jpg,fashionpedia_real_sample
09c1c65c2b742a710bc736a8fe566d11,fashionpedia,data/raw/fashionpedia/09c1c65c2b742a710bc736a8fe566d11.jpg,fashionpedia_real_sample
09ea62fead98686e93c6683ab297dda9,fashionpedia,data/raw/fashionpedia/09ea62fead98686e93c6683ab297dda9.jpg,fashionpedia_real_sample
09ff9e179fe9d63f48c1bf6d5565f659,fashionpedia,data/raw/fashionpedia/09ff9e179fe9d63f48c1bf6d5565f659.jpg,fashionpedia_real_sample
